-- phpMyAdmin SQL Dump
-- version 4.7.4
-- https://www.phpmyadmin.net/
--
-- Host: 127.0.0.1
-- Generation Time: Jul 06, 2018 at 12:58 PM
-- Server version: 10.1.28-MariaDB
-- PHP Version: 5.6.32

SET SQL_MODE = "NO_AUTO_VALUE_ON_ZERO";
SET AUTOCOMMIT = 0;
START TRANSACTION;
SET time_zone = "+00:00";


/*!40101 SET @OLD_CHARACTER_SET_CLIENT=@@CHARACTER_SET_CLIENT */;
/*!40101 SET @OLD_CHARACTER_SET_RESULTS=@@CHARACTER_SET_RESULTS */;
/*!40101 SET @OLD_COLLATION_CONNECTION=@@COLLATION_CONNECTION */;
/*!40101 SET NAMES utf8mb4 */;

--
-- Database: `store`
--

-- --------------------------------------------------------

--
-- Table structure for table `item`
--

CREATE TABLE `item` (
  `id` int(11) NOT NULL,
  `name` varchar(255) NOT NULL,
  `price` int(11) NOT NULL
) ENGINE=InnoDB DEFAULT CHARSET=latin1;

--
-- Dumping data for table `item`
--

INSERT INTO `item` (`id`, `name`, `price`) VALUES
(1, 'Canon EOS', 36000),
(2, 'Nikon DSLR', 40000),
(3, 'Sony DSLR', 45000),
(4, 'Olympus DSLR', 50000),
(5, 'Titan Model #301', 13000),
(6, 'Titan Model #201', 3000),
(7, 'HMT Milan', 8000),
(8, 'Faber Luba #111', 18000),
(9, 'H&W', 800),
(10, 'Luis Phil', 1000),
(11, 'John Zok', 1500),
(12, 'Jhalsani', 1300);

-- --------------------------------------------------------

--
-- Table structure for table `users`
--

CREATE TABLE `users` (
  `id` int(11) NOT NULL,
  `name` varchar(255) NOT NULL,
  `email` varchar(255) NOT NULL,
  `password` varchar(255) NOT NULL,
  `contact` varchar(255) NOT NULL,
  `city` varchar(255) NOT NULL,
  `address` varchar(255) NOT NULL
) ENGINE=InnoDB DEFAULT CHARSET=latin1;

--
-- Dumping data for table `users`
--

INSERT INTO `users` (`id`, `name`, `email`, `password`, `contact`, `city`, `address`) VALUES
(17, 'Akbar', 'akbar@gmail.com', '12345678', '12345678', 'Akola', 'Ak'),
(18, 'abc', 'abc@gmail.com', '123', '321456', 'akola', 'aaa'),
(19, 'bablu', 'bablu@hmail.com', 'aa', '9763458760', 'akola', 'baidpura'),
(20, 'bablu shaikh', 'shekhraheman@gmail.com', '7246', '9763458760', 'akola', 'baidpura');

-- --------------------------------------------------------

--
-- Table structure for table `user_item`
--

CREATE TABLE `user_item` (
  `id` int(11) NOT NULL,
  `user_id` int(11) NOT NULL,
  `item_id` int(11) NOT NULL,
  `status` enum('Added to cart','Confirm','','') NOT NULL
) ENGINE=InnoDB DEFAULT CHARSET=latin1;

--
-- Dumping data for table `user_item`
--

INSERT INTO `user_item` (`id`, `user_id`, `item_id`, `status`) VALUES
(39, 19, 9, 'Confirm'),
(40, 19, 11, 'Confirm'),
(41, 19, 1, 'Confirm'),
(42, 20, 7, 'Confirm'),
(43, 20, 2, 'Confirm'),
(46, 20, 1, 'Confirm'),
(50, 20, 6, 'Confirm'),
(51, 20, 8, 'Confirm'),
(52, 20, 9, 'Confirm'),
(53, 20, 10, 'Confirm'),
(54, 20, 11, 'Confirm'),
(55, 20, 12, 'Confirm'),
(56, 17, 9, 'Confirm');

--
-- Indexes for dumped tables
--

--
-- Indexes for table `item`
--
ALTER TABLE `item`
  ADD PRIMARY KEY (`id`);

--
-- Indexes for table `users`
--
ALTER TABLE `users`
  ADD PRIMARY KEY (`id`);

--
-- Indexes for table `user_item`
--
ALTER TABLE `user_item`
  ADD PRIMARY KEY (`id`);

--
-- AUTO_INCREMENT for dumped tables
--

--
-- AUTO_INCREMENT for table `item`
--
ALTER TABLE `item`
  MODIFY `id` int(11) NOT NULL AUTO_INCREMENT, AUTO_INCREMENT=13;

--
-- AUTO_INCREMENT for table `users`
--
ALTER TABLE `users`
  MODIFY `id` int(11) NOT NULL AUTO_INCREMENT, AUTO_INCREMENT=21;

--
-- AUTO_INCREMENT for table `user_item`
--
ALTER TABLE `user_item`
  MODIFY `id` int(11) NOT NULL AUTO_INCREMENT, AUTO_INCREMENT=57;
COMMIT;

/*!40101 SET CHARACTER_SET_CLIENT=@OLD_CHARACTER_SET_CLIENT */;
/*!40101 SET CHARACTER_SET_RESULTS=@OLD_CHARACTER_SET_RESULTS */;
/*!40101 SET COLLATION_CONNECTION=@OLD_COLLATION_CONNECTION */;
